inclusion_index,exclusion_index,exclusion_code,regex_prefix
8,1,P10-P15,^P10
8,1,P10-P15,^P11
8,1,P10-P15,^P12
8,1,P10-P15,^P13
8,1,P10-P15,^P14
8,1,P10-P15,^P15
8,1,P52.4,^P524
8,1,P52.6,^P526
8,1,P52.8,^P528
8,1,P52.9,^P529
9,1,P10-P15,^P10
9,1,P10-P15,^P11
9,1,P10-P15,^P12
9,1,P10-P15,^P13
9,1,P10-P15,^P14
9,1,P10-P15,^P15
9,1,P52.4,^P524
9,1,P52.6,^P526
9,1,P52.8,^P528
9,1,P52.9,^P529
16,1,P10-P15,^P10
16,1,P10-P15,^P11
16,1,P10-P15,^P12
16,1,P10-P15,^P13
16,1,P10-P15,^P14
16,1,P10-P15,^P15
16,1,P52.4,^P524
16,1,P52.6,^P526
16,1,P52.8,^P528
16,1,P52.9,^P529
17,1,P10-P15,^P10
17,1,P10-P15,^P11
17,1,P10-P15,^P12
17,1,P10-P15,^P13
17,1,P10-P15,^P14
17,1,P10-P15,^P15
17,1,P52.4,^P524
17,1,P52.6,^P526
17,1,P52.8,^P528
17,1,P52.9,^P529
26,1,P10-P15,^P10
26,1,P10-P15,^P11
26,1,P10-P15,^P12
26,1,P10-P15,^P13
26,1,P10-P15,^P14
26,1,P10-P15,^P15
26,1,P52.4,^P524
26,1,P52.6,^P526
26,1,P52.8,^P528
26,1,P52.9,^P529
8,2,P07,^P07
9,2,P07,^P07
16,2,P07,^P07
17,2,P07,^P07
26,2,P07,^P07
1,3,P352,^P352
2,4,A543,^A543
2,5,P391,^P391
8,6,Q780,^Q780
9,6,Q780,^Q780
16,6,Q780,^Q780
17,6,Q780,^Q780
26,6,Q780,^Q780
13,7,T74.2,^T742
14,7,T74.2,^T742
43,7,T74.2,^T742
13,8,Y07,^Y07
13,8,X58,^X58
14,8,Y07,^Y07
14,8,X58,^X58
43,8,Y07,^Y07
43,8,X58,^X58
4,9,D65-D69,^D65
4,9,D65-D69,^D66
4,9,D65-D69,^D67
4,9,D65-D69,^D68
4,9,D65-D69,^D69
7,9,D65-D69,^D65
7,9,D65-D69,^D66
7,9,D65-D69,^D67
7,9,D65-D69,^D68
7,9,D65-D69,^D69
10,9,D65-D69,^D65
10,9,D65-D69,^D66
10,9,D65-D69,^D67
10,9,D65-D69,^D68
10,9,D65-D69,^D69
11,9,D65-D69,^D65
11,9,D65-D69,^D66
11,9,D65-D69,^D67
11,9,D65-D69,^D68
11,9,D65-D69,^D69
18,9,D65-D69,^D65
18,9,D65-D69,^D66
18,9,D65-D69,^D67
18,9,D65-D69,^D68
18,9,D65-D69,^D69
4,10,V01-V99,^V01
4,10,V01-V99,^V02
4,10,V01-V99,^V03
4,10,V01-V99,^V04
4,10,V01-V99,^V05
4,10,V01-V99,^V06
4,10,V01-V99,^V07
4,10,V01-V99,^V08
4,10,V01-V99,^V09
4,10,V01-V99,^V10
4,10,V01-V99,^V11
4,10,V01-V99,^V12
4,10,V01-V99,^V13
4,10,V01-V99,^V14
4,10,V01-V99,^V15
4,10,V01-V99,^V16
4,10,V01-V99,^V17
4,10,V01-V99,^V18
4,10,V01-V99,^V19
4,10,V01-V99,^V20
4,10,V01-V99,^V21
4,10,V01-V99,^V22
4,10,V01-V99,^V23
4,10,V01-V99,^V24
4,10,V01-V99,^V25
4,10,V01-V99,^V26
4,10,V01-V99,^V27
4,10,V01-V99,^V28
4,10,V01-V99,^V29
4,10,V01-V99,^V30
4,10,V01-V99,^V31
4,10,V01-V99,^V32
4,10,V01-V99,^V33
4,10,V01-V99,^V34
4,10,V01-V99,^V35
4,10,V01-V99,^V36
4,10,V01-V99,^V37
4,10,V01-V99,^V38
4,10,V01-V99,^V39
4,10,V01-V99,^V40
4,10,V01-V99,^V41
4,10,V01-V99,^V42
4,10,V01-V99,^V43
4,10,V01-V99,^V44
4,10,V01-V99,^V45
4,10,V01-V99,^V46
4,10,V01-V99,^V47
4,10,V01-V99,^V48
4,10,V01-V99,^V49
4,10,V01-V99,^V50
4,10,V01-V99,^V51
4,10,V01-V99,^V52
4,10,V01-V99,^V53
4,10,V01-V99,^V54
4,10,V01-V99,^V55
4,10,V01-V99,^V56
4,10,V01-V99,^V57
4,10,V01-V99,^V58
4,10,V01-V99,^V59
4,10,V01-V99,^V60
4,10,V01-V99,^V61
4,10,V01-V99,^V62
4,10,V01-V99,^V63
4,10,V01-V99,^V64
4,10,V01-V99,^V65
4,10,V01-V99,^V66
4,10,V01-V99,^V67
4,10,V01-V99,^V68
4,10,V01-V99,^V69
4,10,V01-V99,^V70
4,10,V01-V99,^V71
4,10,V01-V99,^V72
4,10,V01-V99,^V73
4,10,V01-V99,^V74
4,10,V01-V99,^V75
4,10,V01-V99,^V76
4,10,V01-V99,^V77
4,10,V01-V99,^V78
4,10,V01-V99,^V79
4,10,V01-V99,^V80
4,10,V01-V99,^V81
4,10,V01-V99,^V82
4,10,V01-V99,^V83
4,10,V01-V99,^V84
4,10,V01-V99,^V85
4,10,V01-V99,^V86
4,10,V01-V99,^V87
4,10,V01-V99,^V88
4,10,V01-V99,^V89
4,10,V01-V99,^V90
4,10,V01-V99,^V91
4,10,V01-V99,^V92
4,10,V01-V99,^V93
4,10,V01-V99,^V94
4,10,V01-V99,^V95
4,10,V01-V99,^V96
4,10,V01-V99,^V97
4,10,V01-V99,^V98
4,10,V01-V99,^V99
22,10,V01-V99,^V01
22,10,V01-V99,^V02
22,10,V01-V99,^V03
22,10,V01-V99,^V04
22,10,V01-V99,^V05
22,10,V01-V99,^V06
22,10,V01-V99,^V07
22,10,V01-V99,^V08
22,10,V01-V99,^V09
22,10,V01-V99,^V10
22,10,V01-V99,^V11
22,10,V01-V99,^V12
22,10,V01-V99,^V13
22,10,V01-V99,^V14
22,10,V01-V99,^V15
22,10,V01-V99,^V16
22,10,V01-V99,^V17
22,10,V01-V99,^V18
22,10,V01-V99,^V19
22,10,V01-V99,^V20
22,10,V01-V99,^V21
22,10,V01-V99,^V22
22,10,V01-V99,^V23
22,10,V01-V99,^V24
22,10,V01-V99,^V25
22,10,V01-V99,^V26
22,10,V01-V99,^V27
22,10,V01-V99,^V28
22,10,V01-V99,^V29
22,10,V01-V99,^V30
22,10,V01-V99,^V31
22,10,V01-V99,^V32
22,10,V01-V99,^V33
22,10,V01-V99,^V34
22,10,V01-V99,^V35
22,10,V01-V99,^V36
22,10,V01-V99,^V37
22,10,V01-V99,^V38
22,10,V01-V99,^V39
22,10,V01-V99,^V40
22,10,V01-V99,^V41
22,10,V01-V99,^V42
22,10,V01-V99,^V43
22,10,V01-V99,^V44
22,10,V01-V99,^V45
22,10,V01-V99,^V46
22,10,V01-V99,^V47
22,10,V01-V99,^V48
22,10,V01-V99,^V49
22,10,V01-V99,^V50
22,10,V01-V99,^V51
22,10,V01-V99,^V52
22,10,V01-V99,^V53
22,10,V01-V99,^V54
22,10,V01-V99,^V55
22,10,V01-V99,^V56
22,10,V01-V99,^V57
22,10,V01-V99,^V58
22,10,V01-V99,^V59
22,10,V01-V99,^V60
22,10,V01-V99,^V61
22,10,V01-V99,^V62
22,10,V01-V99,^V63
22,10,V01-V99,^V64
22,10,V01-V99,^V65
22,10,V01-V99,^V66
22,10,V01-V99,^V67
22,10,V01-V99,^V68
22,10,V01-V99,^V69
22,10,V01-V99,^V70
22,10,V01-V99,^V71
22,10,V01-V99,^V72
22,10,V01-V99,^V73
22,10,V01-V99,^V74
22,10,V01-V99,^V75
22,10,V01-V99,^V76
22,10,V01-V99,^V77
22,10,V01-V99,^V78
22,10,V01-V99,^V79
22,10,V01-V99,^V80
22,10,V01-V99,^V81
22,10,V01-V99,^V82
22,10,V01-V99,^V83
22,10,V01-V99,^V84
22,10,V01-V99,^V85
22,10,V01-V99,^V86
22,10,V01-V99,^V87
22,10,V01-V99,^V88
22,10,V01-V99,^V89
22,10,V01-V99,^V90
22,10,V01-V99,^V91
22,10,V01-V99,^V92
22,10,V01-V99,^V93
22,10,V01-V99,^V94
22,10,V01-V99,^V95
22,10,V01-V99,^V96
22,10,V01-V99,^V97
22,10,V01-V99,^V98
22,10,V01-V99,^V99
32,11,X00-X08,^X00
32,11,X00-X08,^X01
32,11,X00-X08,^X02
32,11,X00-X08,^X03
32,11,X00-X08,^X04
32,11,X00-X08,^X05
32,11,X00-X08,^X06
32,11,X00-X08,^X07
32,11,X00-X08,^X08
33,11,X00-X08,^X00
33,11,X00-X08,^X01
33,11,X00-X08,^X02
33,11,X00-X08,^X03
33,11,X00-X08,^X04
33,11,X00-X08,^X05
33,11,X00-X08,^X06
33,11,X00-X08,^X07
33,11,X00-X08,^X08
34,11,X00-X08,^X00
34,11,X00-X08,^X01
34,11,X00-X08,^X02
34,11,X00-X08,^X03
34,11,X00-X08,^X04
34,11,X00-X08,^X05
34,11,X00-X08,^X06
34,11,X00-X08,^X07
34,11,X00-X08,^X08
35,11,X00-X08,^X00
35,11,X00-X08,^X01
35,11,X00-X08,^X02
35,11,X00-X08,^X03
35,11,X00-X08,^X04
35,11,X00-X08,^X05
35,11,X00-X08,^X06
35,11,X00-X08,^X07
35,11,X00-X08,^X08
36,12,Y62-Y69,^Y62
36,12,Y62-Y69,^Y63
36,12,Y62-Y69,^Y64
36,12,Y62-Y69,^Y65
36,12,Y62-Y69,^Y66
36,12,Y62-Y69,^Y67
36,12,Y62-Y69,^Y68
36,12,Y62-Y69,^Y69
8,13,M84.4,^M844
8,13,M84.5,^M845
8,13,M84.6,^M846
8,13,M80.0,^M800
9,13,M84.4,^M844
9,13,M84.5,^M845
9,13,M84.6,^M846
9,13,M80.0,^M800
16,13,M84.4,^M844
16,13,M84.5,^M845
16,13,M84.6,^M846
16,13,M80.0,^M800
17,13,M84.4,^M844
17,13,M84.5,^M845
17,13,M84.6,^M846
17,13,M80.0,^M800
26,13,M84.4,^M844
26,13,M84.5,^M845
26,13,M84.6,^M846
26,13,M80.0,^M800
7,14,V20-V99,^V20
7,14,V20-V99,^V21
7,14,V20-V99,^V22
7,14,V20-V99,^V23
7,14,V20-V99,^V24
7,14,V20-V99,^V25
7,14,V20-V99,^V26
7,14,V20-V99,^V27
7,14,V20-V99,^V28
7,14,V20-V99,^V29
7,14,V20-V99,^V30
7,14,V20-V99,^V31
7,14,V20-V99,^V32
7,14,V20-V99,^V33
7,14,V20-V99,^V34
7,14,V20-V99,^V35
7,14,V20-V99,^V36
7,14,V20-V99,^V37
7,14,V20-V99,^V38
7,14,V20-V99,^V39
7,14,V20-V99,^V40
7,14,V20-V99,^V41
7,14,V20-V99,^V42
7,14,V20-V99,^V43
7,14,V20-V99,^V44
7,14,V20-V99,^V45
7,14,V20-V99,^V46
7,14,V20-V99,^V47
7,14,V20-V99,^V48
7,14,V20-V99,^V49
7,14,V20-V99,^V50
7,14,V20-V99,^V51
7,14,V20-V99,^V52
7,14,V20-V99,^V53
7,14,V20-V99,^V54
7,14,V20-V99,^V55
7,14,V20-V99,^V56
7,14,V20-V99,^V57
7,14,V20-V99,^V58
7,14,V20-V99,^V59
7,14,V20-V99,^V60
7,14,V20-V99,^V61
7,14,V20-V99,^V62
7,14,V20-V99,^V63
7,14,V20-V99,^V64
7,14,V20-V99,^V65
7,14,V20-V99,^V66
7,14,V20-V99,^V67
7,14,V20-V99,^V68
7,14,V20-V99,^V69
7,14,V20-V99,^V70
7,14,V20-V99,^V71
7,14,V20-V99,^V72
7,14,V20-V99,^V73
7,14,V20-V99,^V74
7,14,V20-V99,^V75
7,14,V20-V99,^V76
7,14,V20-V99,^V77
7,14,V20-V99,^V78
7,14,V20-V99,^V79
7,14,V20-V99,^V80
7,14,V20-V99,^V81
7,14,V20-V99,^V82
7,14,V20-V99,^V83
7,14,V20-V99,^V84
7,14,V20-V99,^V85
7,14,V20-V99,^V86
7,14,V20-V99,^V87
7,14,V20-V99,^V88
7,14,V20-V99,^V89
7,14,V20-V99,^V90
7,14,V20-V99,^V91
7,14,V20-V99,^V92
7,14,V20-V99,^V93
7,14,V20-V99,^V94
7,14,V20-V99,^V95
7,14,V20-V99,^V96
7,14,V20-V99,^V97
7,14,V20-V99,^V98
7,14,V20-V99,^V99
8,14,V20-V99,^V20
8,14,V20-V99,^V21
8,14,V20-V99,^V22
8,14,V20-V99,^V23
8,14,V20-V99,^V24
8,14,V20-V99,^V25
8,14,V20-V99,^V26
8,14,V20-V99,^V27
8,14,V20-V99,^V28
8,14,V20-V99,^V29
8,14,V20-V99,^V30
8,14,V20-V99,^V31
8,14,V20-V99,^V32
8,14,V20-V99,^V33
8,14,V20-V99,^V34
8,14,V20-V99,^V35
8,14,V20-V99,^V36
8,14,V20-V99,^V37
8,14,V20-V99,^V38
8,14,V20-V99,^V39
8,14,V20-V99,^V40
8,14,V20-V99,^V41
8,14,V20-V99,^V42
8,14,V20-V99,^V43
8,14,V20-V99,^V44
8,14,V20-V99,^V45
8,14,V20-V99,^V46
8,14,V20-V99,^V47
8,14,V20-V99,^V48
8,14,V20-V99,^V49
8,14,V20-V99,^V50
8,14,V20-V99,^V51
8,14,V20-V99,^V52
8,14,V20-V99,^V53
8,14,V20-V99,^V54
8,14,V20-V99,^V55
8,14,V20-V99,^V56
8,14,V20-V99,^V57
8,14,V20-V99,^V58
8,14,V20-V99,^V59
8,14,V20-V99,^V60
8,14,V20-V99,^V61
8,14,V20-V99,^V62
8,14,V20-V99,^V63
8,14,V20-V99,^V64
8,14,V20-V99,^V65
8,14,V20-V99,^V66
8,14,V20-V99,^V67
8,14,V20-V99,^V68
8,14,V20-V99,^V69
8,14,V20-V99,^V70
8,14,V20-V99,^V71
8,14,V20-V99,^V72
8,14,V20-V99,^V73
8,14,V20-V99,^V74
8,14,V20-V99,^V75
8,14,V20-V99,^V76
8,14,V20-V99,^V77
8,14,V20-V99,^V78
8,14,V20-V99,^V79
8,14,V20-V99,^V80
8,14,V20-V99,^V81
8,14,V20-V99,^V82
8,14,V20-V99,^V83
8,14,V20-V99,^V84
8,14,V20-V99,^V85
8,14,V20-V99,^V86
8,14,V20-V99,^V87
8,14,V20-V99,^V88
8,14,V20-V99,^V89
8,14,V20-V99,^V90
8,14,V20-V99,^V91
8,14,V20-V99,^V92
8,14,V20-V99,^V93
8,14,V20-V99,^V94
8,14,V20-V99,^V95
8,14,V20-V99,^V96
8,14,V20-V99,^V97
8,14,V20-V99,^V98
8,14,V20-V99,^V99
9,14,V20-V99,^V20
9,14,V20-V99,^V21
9,14,V20-V99,^V22
9,14,V20-V99,^V23
9,14,V20-V99,^V24
9,14,V20-V99,^V25
9,14,V20-V99,^V26
9,14,V20-V99,^V27
9,14,V20-V99,^V28
9,14,V20-V99,^V29
9,14,V20-V99,^V30
9,14,V20-V99,^V31
9,14,V20-V99,^V32
9,14,V20-V99,^V33
9,14,V20-V99,^V34
9,14,V20-V99,^V35
9,14,V20-V99,^V36
9,14,V20-V99,^V37
9,14,V20-V99,^V38
9,14,V20-V99,^V39
9,14,V20-V99,^V40
9,14,V20-V99,^V41
9,14,V20-V99,^V42
9,14,V20-V99,^V43
9,14,V20-V99,^V44
9,14,V20-V99,^V45
9,14,V20-V99,^V46
9,14,V20-V99,^V47
9,14,V20-V99,^V48
9,14,V20-V99,^V49
9,14,V20-V99,^V50
9,14,V20-V99,^V51
9,14,V20-V99,^V52
9,14,V20-V99,^V53
9,14,V20-V99,^V54
9,14,V20-V99,^V55
9,14,V20-V99,^V56
9,14,V20-V99,^V57
9,14,V20-V99,^V58
9,14,V20-V99,^V59
9,14,V20-V99,^V60
9,14,V20-V99,^V61
9,14,V20-V99,^V62
9,14,V20-V99,^V63
9,14,V20-V99,^V64
9,14,V20-V99,^V65
9,14,V20-V99,^V66
9,14,V20-V99,^V67
9,14,V20-V99,^V68
9,14,V20-V99,^V69
9,14,V20-V99,^V70
9,14,V20-V99,^V71
9,14,V20-V99,^V72
9,14,V20-V99,^V73
9,14,V20-V99,^V74
9,14,V20-V99,^V75
9,14,V20-V99,^V76
9,14,V20-V99,^V77
9,14,V20-V99,^V78
9,14,V20-V99,^V79
9,14,V20-V99,^V80
9,14,V20-V99,^V81
9,14,V20-V99,^V82
9,14,V20-V99,^V83
9,14,V20-V99,^V84
9,14,V20-V99,^V85
9,14,V20-V99,^V86
9,14,V20-V99,^V87
9,14,V20-V99,^V88
9,14,V20-V99,^V89
9,14,V20-V99,^V90
9,14,V20-V99,^V91
9,14,V20-V99,^V92
9,14,V20-V99,^V93
9,14,V20-V99,^V94
9,14,V20-V99,^V95
9,14,V20-V99,^V96
9,14,V20-V99,^V97
9,14,V20-V99,^V98
9,14,V20-V99,^V99
10,14,V20-V99,^V20
10,14,V20-V99,^V21
10,14,V20-V99,^V22
10,14,V20-V99,^V23
10,14,V20-V99,^V24
10,14,V20-V99,^V25
10,14,V20-V99,^V26
10,14,V20-V99,^V27
10,14,V20-V99,^V28
10,14,V20-V99,^V29
10,14,V20-V99,^V30
10,14,V20-V99,^V31
10,14,V20-V99,^V32
10,14,V20-V99,^V33
10,14,V20-V99,^V34
10,14,V20-V99,^V35
10,14,V20-V99,^V36
10,14,V20-V99,^V37
10,14,V20-V99,^V38
10,14,V20-V99,^V39
10,14,V20-V99,^V40
10,14,V20-V99,^V41
10,14,V20-V99,^V42
10,14,V20-V99,^V43
10,14,V20-V99,^V44
10,14,V20-V99,^V45
10,14,V20-V99,^V46
10,14,V20-V99,^V47
10,14,V20-V99,^V48
10,14,V20-V99,^V49
10,14,V20-V99,^V50
10,14,V20-V99,^V51
10,14,V20-V99,^V52
10,14,V20-V99,^V53
10,14,V20-V99,^V54
10,14,V20-V99,^V55
10,14,V20-V99,^V56
10,14,V20-V99,^V57
10,14,V20-V99,^V58
10,14,V20-V99,^V59
10,14,V20-V99,^V60
10,14,V20-V99,^V61
10,14,V20-V99,^V62
10,14,V20-V99,^V63
10,14,V20-V99,^V64
10,14,V20-V99,^V65
10,14,V20-V99,^V66
10,14,V20-V99,^V67
10,14,V20-V99,^V68
10,14,V20-V99,^V69
10,14,V20-V99,^V70
10,14,V20-V99,^V71
10,14,V20-V99,^V72
10,14,V20-V99,^V73
10,14,V20-V99,^V74
10,14,V20-V99,^V75
10,14,V20-V99,^V76
10,14,V20-V99,^V77
10,14,V20-V99,^V78
10,14,V20-V99,^V79
10,14,V20-V99,^V80
10,14,V20-V99,^V81
10,14,V20-V99,^V82
10,14,V20-V99,^V83
10,14,V20-V99,^V84
10,14,V20-V99,^V85
10,14,V20-V99,^V86
10,14,V20-V99,^V87
10,14,V20-V99,^V88
10,14,V20-V99,^V89
10,14,V20-V99,^V90
10,14,V20-V99,^V91
10,14,V20-V99,^V92
10,14,V20-V99,^V93
10,14,V20-V99,^V94
10,14,V20-V99,^V95
10,14,V20-V99,^V96
10,14,V20-V99,^V97
10,14,V20-V99,^V98
10,14,V20-V99,^V99
11,14,V20-V99,^V20
11,14,V20-V99,^V21
11,14,V20-V99,^V22
11,14,V20-V99,^V23
11,14,V20-V99,^V24
11,14,V20-V99,^V25
11,14,V20-V99,^V26
11,14,V20-V99,^V27
11,14,V20-V99,^V28
11,14,V20-V99,^V29
11,14,V20-V99,^V30
11,14,V20-V99,^V31
11,14,V20-V99,^V32
11,14,V20-V99,^V33
11,14,V20-V99,^V34
11,14,V20-V99,^V35
11,14,V20-V99,^V36
11,14,V20-V99,^V37
11,14,V20-V99,^V38
11,14,V20-V99,^V39
11,14,V20-V99,^V40
11,14,V20-V99,^V41
11,14,V20-V99,^V42
11,14,V20-V99,^V43
11,14,V20-V99,^V44
11,14,V20-V99,^V45
11,14,V20-V99,^V46
11,14,V20-V99,^V47
11,14,V20-V99,^V48
11,14,V20-V99,^V49
11,14,V20-V99,^V50
11,14,V20-V99,^V51
11,14,V20-V99,^V52
11,14,V20-V99,^V53
11,14,V20-V99,^V54
11,14,V20-V99,^V55
11,14,V20-V99,^V56
11,14,V20-V99,^V57
11,14,V20-V99,^V58
11,14,V20-V99,^V59
11,14,V20-V99,^V60
11,14,V20-V99,^V61
11,14,V20-V99,^V62
11,14,V20-V99,^V63
11,14,V20-V99,^V64
11,14,V20-V99,^V65
11,14,V20-V99,^V66
11,14,V20-V99,^V67
11,14,V20-V99,^V68
11,14,V20-V99,^V69
11,14,V20-V99,^V70
11,14,V20-V99,^V71
11,14,V20-V99,^V72
11,14,V20-V99,^V73
11,14,V20-V99,^V74
11,14,V20-V99,^V75
11,14,V20-V99,^V76
11,14,V20-V99,^V77
11,14,V20-V99,^V78
11,14,V20-V99,^V79
11,14,V20-V99,^V80
11,14,V20-V99,^V81
11,14,V20-V99,^V82
11,14,V20-V99,^V83
11,14,V20-V99,^V84
11,14,V20-V99,^V85
11,14,V20-V99,^V86
11,14,V20-V99,^V87
11,14,V20-V99,^V88
11,14,V20-V99,^V89
11,14,V20-V99,^V90
11,14,V20-V99,^V91
11,14,V20-V99,^V92
11,14,V20-V99,^V93
11,14,V20-V99,^V94
11,14,V20-V99,^V95
11,14,V20-V99,^V96
11,14,V20-V99,^V97
11,14,V20-V99,^V98
11,14,V20-V99,^V99
12,14,V20-V99,^V20
12,14,V20-V99,^V21
12,14,V20-V99,^V22
12,14,V20-V99,^V23
12,14,V20-V99,^V24
12,14,V20-V99,^V25
12,14,V20-V99,^V26
12,14,V20-V99,^V27
12,14,V20-V99,^V28
12,14,V20-V99,^V29
12,14,V20-V99,^V30
12,14,V20-V99,^V31
12,14,V20-V99,^V32
12,14,V20-V99,^V33
12,14,V20-V99,^V34
12,14,V20-V99,^V35
12,14,V20-V99,^V36
12,14,V20-V99,^V37
12,14,V20-V99,^V38
12,14,V20-V99,^V39
12,14,V20-V99,^V40
12,14,V20-V99,^V41
12,14,V20-V99,^V42
12,14,V20-V99,^V43
12,14,V20-V99,^V44
12,14,V20-V99,^V45
12,14,V20-V99,^V46
12,14,V20-V99,^V47
12,14,V20-V99,^V48
12,14,V20-V99,^V49
12,14,V20-V99,^V50
12,14,V20-V99,^V51
12,14,V20-V99,^V52
12,14,V20-V99,^V53
12,14,V20-V99,^V54
12,14,V20-V99,^V55
12,14,V20-V99,^V56
12,14,V20-V99,^V57
12,14,V20-V99,^V58
12,14,V20-V99,^V59
12,14,V20-V99,^V60
12,14,V20-V99,^V61
12,14,V20-V99,^V62
12,14,V20-V99,^V63
12,14,V20-V99,^V64
12,14,V20-V99,^V65
12,14,V20-V99,^V66
12,14,V20-V99,^V67
12,14,V20-V99,^V68
12,14,V20-V99,^V69
12,14,V20-V99,^V70
12,14,V20-V99,^V71
12,14,V20-V99,^V72
12,14,V20-V99,^V73
12,14,V20-V99,^V74
12,14,V20-V99,^V75
12,14,V20-V99,^V76
12,14,V20-V99,^V77
12,14,V20-V99,^V78
12,14,V20-V99,^V79
12,14,V20-V99,^V80
12,14,V20-V99,^V81
12,14,V20-V99,^V82
12,14,V20-V99,^V83
12,14,V20-V99,^V84
12,14,V20-V99,^V85
12,14,V20-V99,^V86
12,14,V20-V99,^V87
12,14,V20-V99,^V88
12,14,V20-V99,^V89
12,14,V20-V99,^V90
12,14,V20-V99,^V91
12,14,V20-V99,^V92
12,14,V20-V99,^V93
12,14,V20-V99,^V94
12,14,V20-V99,^V95
12,14,V20-V99,^V96
12,14,V20-V99,^V97
12,14,V20-V99,^V98
12,14,V20-V99,^V99
16,14,V20-V99,^V20
16,14,V20-V99,^V21
16,14,V20-V99,^V22
16,14,V20-V99,^V23
16,14,V20-V99,^V24
16,14,V20-V99,^V25
16,14,V20-V99,^V26
16,14,V20-V99,^V27
16,14,V20-V99,^V28
16,14,V20-V99,^V29
16,14,V20-V99,^V30
16,14,V20-V99,^V31
16,14,V20-V99,^V32
16,14,V20-V99,^V33
16,14,V20-V99,^V34
16,14,V20-V99,^V35
16,14,V20-V99,^V36
16,14,V20-V99,^V37
16,14,V20-V99,^V38
16,14,V20-V99,^V39
16,14,V20-V99,^V40
16,14,V20-V99,^V41
16,14,V20-V99,^V42
16,14,V20-V99,^V43
16,14,V20-V99,^V44
16,14,V20-V99,^V45
16,14,V20-V99,^V46
16,14,V20-V99,^V47
16,14,V20-V99,^V48
16,14,V20-V99,^V49
16,14,V20-V99,^V50
16,14,V20-V99,^V51
16,14,V20-V99,^V52
16,14,V20-V99,^V53
16,14,V20-V99,^V54
16,14,V20-V99,^V55
16,14,V20-V99,^V56
16,14,V20-V99,^V57
16,14,V20-V99,^V58
16,14,V20-V99,^V59
16,14,V20-V99,^V60
16,14,V20-V99,^V61
16,14,V20-V99,^V62
16,14,V20-V99,^V63
16,14,V20-V99,^V64
16,14,V20-V99,^V65
16,14,V20-V99,^V66
16,14,V20-V99,^V67
16,14,V20-V99,^V68
16,14,V20-V99,^V69
16,14,V20-V99,^V70
16,14,V20-V99,^V71
16,14,V20-V99,^V72
16,14,V20-V99,^V73
16,14,V20-V99,^V74
16,14,V20-V99,^V75
16,14,V20-V99,^V76
16,14,V20-V99,^V77
16,14,V20-V99,^V78
16,14,V20-V99,^V79
16,14,V20-V99,^V80
16,14,V20-V99,^V81
16,14,V20-V99,^V82
16,14,V20-V99,^V83
16,14,V20-V99,^V84
16,14,V20-V99,^V85
16,14,V20-V99,^V86
16,14,V20-V99,^V87
16,14,V20-V99,^V88
16,14,V20-V99,^V89
16,14,V20-V99,^V90
16,14,V20-V99,^V91
16,14,V20-V99,^V92
16,14,V20-V99,^V93
16,14,V20-V99,^V94
16,14,V20-V99,^V95
16,14,V20-V99,^V96
16,14,V20-V99,^V97
16,14,V20-V99,^V98
16,14,V20-V99,^V99
17,14,V20-V99,^V20
17,14,V20-V99,^V21
17,14,V20-V99,^V22
17,14,V20-V99,^V23
17,14,V20-V99,^V24
17,14,V20-V99,^V25
17,14,V20-V99,^V26
17,14,V20-V99,^V27
17,14,V20-V99,^V28
17,14,V20-V99,^V29
17,14,V20-V99,^V30
17,14,V20-V99,^V31
17,14,V20-V99,^V32
17,14,V20-V99,^V33
17,14,V20-V99,^V34
17,14,V20-V99,^V35
17,14,V20-V99,^V36
17,14,V20-V99,^V37
17,14,V20-V99,^V38
17,14,V20-V99,^V39
17,14,V20-V99,^V40
17,14,V20-V99,^V41
17,14,V20-V99,^V42
17,14,V20-V99,^V43
17,14,V20-V99,^V44
17,14,V20-V99,^V45
17,14,V20-V99,^V46
17,14,V20-V99,^V47
17,14,V20-V99,^V48
17,14,V20-V99,^V49
17,14,V20-V99,^V50
17,14,V20-V99,^V51
17,14,V20-V99,^V52
17,14,V20-V99,^V53
17,14,V20-V99,^V54
17,14,V20-V99,^V55
17,14,V20-V99,^V56
17,14,V20-V99,^V57
17,14,V20-V99,^V58
17,14,V20-V99,^V59
17,14,V20-V99,^V60
17,14,V20-V99,^V61
17,14,V20-V99,^V62
17,14,V20-V99,^V63
17,14,V20-V99,^V64
17,14,V20-V99,^V65
17,14,V20-V99,^V66
17,14,V20-V99,^V67
17,14,V20-V99,^V68
17,14,V20-V99,^V69
17,14,V20-V99,^V70
17,14,V20-V99,^V71
17,14,V20-V99,^V72
17,14,V20-V99,^V73
17,14,V20-V99,^V74
17,14,V20-V99,^V75
17,14,V20-V99,^V76
17,14,V20-V99,^V77
17,14,V20-V99,^V78
17,14,V20-V99,^V79
17,14,V20-V99,^V80
17,14,V20-V99,^V81
17,14,V20-V99,^V82
17,14,V20-V99,^V83
17,14,V20-V99,^V84
17,14,V20-V99,^V85
17,14,V20-V99,^V86
17,14,V20-V99,^V87
17,14,V20-V99,^V88
17,14,V20-V99,^V89
17,14,V20-V99,^V90
17,14,V20-V99,^V91
17,14,V20-V99,^V92
17,14,V20-V99,^V93
17,14,V20-V99,^V94
17,14,V20-V99,^V95
17,14,V20-V99,^V96
17,14,V20-V99,^V97
17,14,V20-V99,^V98
17,14,V20-V99,^V99
18,14,V20-V99,^V20
18,14,V20-V99,^V21
18,14,V20-V99,^V22
18,14,V20-V99,^V23
18,14,V20-V99,^V24
18,14,V20-V99,^V25
18,14,V20-V99,^V26
18,14,V20-V99,^V27
18,14,V20-V99,^V28
18,14,V20-V99,^V29
18,14,V20-V99,^V30
18,14,V20-V99,^V31
18,14,V20-V99,^V32
18,14,V20-V99,^V33
18,14,V20-V99,^V34
18,14,V20-V99,^V35
18,14,V20-V99,^V36
18,14,V20-V99,^V37
18,14,V20-V99,^V38
18,14,V20-V99,^V39
18,14,V20-V99,^V40
18,14,V20-V99,^V41
18,14,V20-V99,^V42
18,14,V20-V99,^V43
18,14,V20-V99,^V44
18,14,V20-V99,^V45
18,14,V20-V99,^V46
18,14,V20-V99,^V47
18,14,V20-V99,^V48
18,14,V20-V99,^V49
18,14,V20-V99,^V50
18,14,V20-V99,^V51
18,14,V20-V99,^V52
18,14,V20-V99,^V53
18,14,V20-V99,^V54
18,14,V20-V99,^V55
18,14,V20-V99,^V56
18,14,V20-V99,^V57
18,14,V20-V99,^V58
18,14,V20-V99,^V59
18,14,V20-V99,^V60
18,14,V20-V99,^V61
18,14,V20-V99,^V62
18,14,V20-V99,^V63
18,14,V20-V99,^V64
18,14,V20-V99,^V65
18,14,V20-V99,^V66
18,14,V20-V99,^V67
18,14,V20-V99,^V68
18,14,V20-V99,^V69
18,14,V20-V99,^V70
18,14,V20-V99,^V71
18,14,V20-V99,^V72
18,14,V20-V99,^V73
18,14,V20-V99,^V74
18,14,V20-V99,^V75
18,14,V20-V99,^V76
18,14,V20-V99,^V77
18,14,V20-V99,^V78
18,14,V20-V99,^V79
18,14,V20-V99,^V80
18,14,V20-V99,^V81
18,14,V20-V99,^V82
18,14,V20-V99,^V83
18,14,V20-V99,^V84
18,14,V20-V99,^V85
18,14,V20-V99,^V86
18,14,V20-V99,^V87
18,14,V20-V99,^V88
18,14,V20-V99,^V89
18,14,V20-V99,^V90
18,14,V20-V99,^V91
18,14,V20-V99,^V92
18,14,V20-V99,^V93
18,14,V20-V99,^V94
18,14,V20-V99,^V95
18,14,V20-V99,^V96
18,14,V20-V99,^V97
18,14,V20-V99,^V98
18,14,V20-V99,^V99
19,14,V20-V99,^V20
19,14,V20-V99,^V21
19,14,V20-V99,^V22
19,14,V20-V99,^V23
19,14,V20-V99,^V24
19,14,V20-V99,^V25
19,14,V20-V99,^V26
19,14,V20-V99,^V27
19,14,V20-V99,^V28
19,14,V20-V99,^V29
19,14,V20-V99,^V30
19,14,V20-V99,^V31
19,14,V20-V99,^V32
19,14,V20-V99,^V33
19,14,V20-V99,^V34
19,14,V20-V99,^V35
19,14,V20-V99,^V36
19,14,V20-V99,^V37
19,14,V20-V99,^V38
19,14,V20-V99,^V39
19,14,V20-V99,^V40
19,14,V20-V99,^V41
19,14,V20-V99,^V42
19,14,V20-V99,^V43
19,14,V20-V99,^V44
19,14,V20-V99,^V45
19,14,V20-V99,^V46
19,14,V20-V99,^V47
19,14,V20-V99,^V48
19,14,V20-V99,^V49
19,14,V20-V99,^V50
19,14,V20-V99,^V51
19,14,V20-V99,^V52
19,14,V20-V99,^V53
19,14,V20-V99,^V54
19,14,V20-V99,^V55
19,14,V20-V99,^V56
19,14,V20-V99,^V57
19,14,V20-V99,^V58
19,14,V20-V99,^V59
19,14,V20-V99,^V60
19,14,V20-V99,^V61
19,14,V20-V99,^V62
19,14,V20-V99,^V63
19,14,V20-V99,^V64
19,14,V20-V99,^V65
19,14,V20-V99,^V66
19,14,V20-V99,^V67
19,14,V20-V99,^V68
19,14,V20-V99,^V69
19,14,V20-V99,^V70
19,14,V20-V99,^V71
19,14,V20-V99,^V72
19,14,V20-V99,^V73
19,14,V20-V99,^V74
19,14,V20-V99,^V75
19,14,V20-V99,^V76
19,14,V20-V99,^V77
19,14,V20-V99,^V78
19,14,V20-V99,^V79
19,14,V20-V99,^V80
19,14,V20-V99,^V81
19,14,V20-V99,^V82
19,14,V20-V99,^V83
19,14,V20-V99,^V84
19,14,V20-V99,^V85
19,14,V20-V99,^V86
19,14,V20-V99,^V87
19,14,V20-V99,^V88
19,14,V20-V99,^V89
19,14,V20-V99,^V90
19,14,V20-V99,^V91
19,14,V20-V99,^V92
19,14,V20-V99,^V93
19,14,V20-V99,^V94
19,14,V20-V99,^V95
19,14,V20-V99,^V96
19,14,V20-V99,^V97
19,14,V20-V99,^V98
19,14,V20-V99,^V99
20,14,V20-V99,^V20
20,14,V20-V99,^V21
20,14,V20-V99,^V22
20,14,V20-V99,^V23
20,14,V20-V99,^V24
20,14,V20-V99,^V25
20,14,V20-V99,^V26
20,14,V20-V99,^V27
20,14,V20-V99,^V28
20,14,V20-V99,^V29
20,14,V20-V99,^V30
20,14,V20-V99,^V31
20,14,V20-V99,^V32
20,14,V20-V99,^V33
20,14,V20-V99,^V34
20,14,V20-V99,^V35
20,14,V20-V99,^V36
20,14,V20-V99,^V37
20,14,V20-V99,^V38
20,14,V20-V99,^V39
20,14,V20-V99,^V40
20,14,V20-V99,^V41
20,14,V20-V99,^V42
20,14,V20-V99,^V43
20,14,V20-V99,^V44
20,14,V20-V99,^V45
20,14,V20-V99,^V46
20,14,V20-V99,^V47
20,14,V20-V99,^V48
20,14,V20-V99,^V49
20,14,V20-V99,^V50
20,14,V20-V99,^V51
20,14,V20-V99,^V52
20,14,V20-V99,^V53
20,14,V20-V99,^V54
20,14,V20-V99,^V55
20,14,V20-V99,^V56
20,14,V20-V99,^V57
20,14,V20-V99,^V58
20,14,V20-V99,^V59
20,14,V20-V99,^V60
20,14,V20-V99,^V61
20,14,V20-V99,^V62
20,14,V20-V99,^V63
20,14,V20-V99,^V64
20,14,V20-V99,^V65
20,14,V20-V99,^V66
20,14,V20-V99,^V67
20,14,V20-V99,^V68
20,14,V20-V99,^V69
20,14,V20-V99,^V70
20,14,V20-V99,^V71
20,14,V20-V99,^V72
20,14,V20-V99,^V73
20,14,V20-V99,^V74
20,14,V20-V99,^V75
20,14,V20-V99,^V76
20,14,V20-V99,^V77
20,14,V20-V99,^V78
20,14,V20-V99,^V79
20,14,V20-V99,^V80
20,14,V20-V99,^V81
20,14,V20-V99,^V82
20,14,V20-V99,^V83
20,14,V20-V99,^V84
20,14,V20-V99,^V85
20,14,V20-V99,^V86
20,14,V20-V99,^V87
20,14,V20-V99,^V88
20,14,V20-V99,^V89
20,14,V20-V99,^V90
20,14,V20-V99,^V91
20,14,V20-V99,^V92
20,14,V20-V99,^V93
20,14,V20-V99,^V94
20,14,V20-V99,^V95
20,14,V20-V99,^V96
20,14,V20-V99,^V97
20,14,V20-V99,^V98
20,14,V20-V99,^V99
21,14,V20-V99,^V20
21,14,V20-V99,^V21
21,14,V20-V99,^V22
21,14,V20-V99,^V23
21,14,V20-V99,^V24
21,14,V20-V99,^V25
21,14,V20-V99,^V26
21,14,V20-V99,^V27
21,14,V20-V99,^V28
21,14,V20-V99,^V29
21,14,V20-V99,^V30
21,14,V20-V99,^V31
21,14,V20-V99,^V32
21,14,V20-V99,^V33
21,14,V20-V99,^V34
21,14,V20-V99,^V35
21,14,V20-V99,^V36
21,14,V20-V99,^V37
21,14,V20-V99,^V38
21,14,V20-V99,^V39
21,14,V20-V99,^V40
21,14,V20-V99,^V41
21,14,V20-V99,^V42
21,14,V20-V99,^V43
21,14,V20-V99,^V44
21,14,V20-V99,^V45
21,14,V20-V99,^V46
21,14,V20-V99,^V47
21,14,V20-V99,^V48
21,14,V20-V99,^V49
21,14,V20-V99,^V50
21,14,V20-V99,^V51
21,14,V20-V99,^V52
21,14,V20-V99,^V53
21,14,V20-V99,^V54
21,14,V20-V99,^V55
21,14,V20-V99,^V56
21,14,V20-V99,^V57
21,14,V20-V99,^V58
21,14,V20-V99,^V59
21,14,V20-V99,^V60
21,14,V20-V99,^V61
21,14,V20-V99,^V62
21,14,V20-V99,^V63
21,14,V20-V99,^V64
21,14,V20-V99,^V65
21,14,V20-V99,^V66
21,14,V20-V99,^V67
21,14,V20-V99,^V68
21,14,V20-V99,^V69
21,14,V20-V99,^V70
21,14,V20-V99,^V71
21,14,V20-V99,^V72
21,14,V20-V99,^V73
21,14,V20-V99,^V74
21,14,V20-V99,^V75
21,14,V20-V99,^V76
21,14,V20-V99,^V77
21,14,V20-V99,^V78
21,14,V20-V99,^V79
21,14,V20-V99,^V80
21,14,V20-V99,^V81
21,14,V20-V99,^V82
21,14,V20-V99,^V83
21,14,V20-V99,^V84
21,14,V20-V99,^V85
21,14,V20-V99,^V86
21,14,V20-V99,^V87
21,14,V20-V99,^V88
21,14,V20-V99,^V89
21,14,V20-V99,^V90
21,14,V20-V99,^V91
21,14,V20-V99,^V92
21,14,V20-V99,^V93
21,14,V20-V99,^V94
21,14,V20-V99,^V95
21,14,V20-V99,^V96
21,14,V20-V99,^V97
21,14,V20-V99,^V98
21,14,V20-V99,^V99
26,14,V20-V99,^V20
26,14,V20-V99,^V21
26,14,V20-V99,^V22
26,14,V20-V99,^V23
26,14,V20-V99,^V24
26,14,V20-V99,^V25
26,14,V20-V99,^V26
26,14,V20-V99,^V27
26,14,V20-V99,^V28
26,14,V20-V99,^V29
26,14,V20-V99,^V30
26,14,V20-V99,^V31
26,14,V20-V99,^V32
26,14,V20-V99,^V33
26,14,V20-V99,^V34
26,14,V20-V99,^V35
26,14,V20-V99,^V36
26,14,V20-V99,^V37
26,14,V20-V99,^V38
26,14,V20-V99,^V39
26,14,V20-V99,^V40
26,14,V20-V99,^V41
26,14,V20-V99,^V42
26,14,V20-V99,^V43
26,14,V20-V99,^V44
26,14,V20-V99,^V45
26,14,V20-V99,^V46
26,14,V20-V99,^V47
26,14,V20-V99,^V48
26,14,V20-V99,^V49
26,14,V20-V99,^V50
26,14,V20-V99,^V51
26,14,V20-V99,^V52
26,14,V20-V99,^V53
26,14,V20-V99,^V54
26,14,V20-V99,^V55
26,14,V20-V99,^V56
26,14,V20-V99,^V57
26,14,V20-V99,^V58
26,14,V20-V99,^V59
26,14,V20-V99,^V60
26,14,V20-V99,^V61
26,14,V20-V99,^V62
26,14,V20-V99,^V63
26,14,V20-V99,^V64
26,14,V20-V99,^V65
26,14,V20-V99,^V66
26,14,V20-V99,^V67
26,14,V20-V99,^V68
26,14,V20-V99,^V69
26,14,V20-V99,^V70
26,14,V20-V99,^V71
26,14,V20-V99,^V72
26,14,V20-V99,^V73
26,14,V20-V99,^V74
26,14,V20-V99,^V75
26,14,V20-V99,^V76
26,14,V20-V99,^V77
26,14,V20-V99,^V78
26,14,V20-V99,^V79
26,14,V20-V99,^V80
26,14,V20-V99,^V81
26,14,V20-V99,^V82
26,14,V20-V99,^V83
26,14,V20-V99,^V84
26,14,V20-V99,^V85
26,14,V20-V99,^V86
26,14,V20-V99,^V87
26,14,V20-V99,^V88
26,14,V20-V99,^V89
26,14,V20-V99,^V90
26,14,V20-V99,^V91
26,14,V20-V99,^V92
26,14,V20-V99,^V93
26,14,V20-V99,^V94
26,14,V20-V99,^V95
26,14,V20-V99,^V96
26,14,V20-V99,^V97
26,14,V20-V99,^V98
26,14,V20-V99,^V99
27,14,V20-V99,^V20
27,14,V20-V99,^V21
27,14,V20-V99,^V22
27,14,V20-V99,^V23
27,14,V20-V99,^V24
27,14,V20-V99,^V25
27,14,V20-V99,^V26
27,14,V20-V99,^V27
27,14,V20-V99,^V28
27,14,V20-V99,^V29
27,14,V20-V99,^V30
27,14,V20-V99,^V31
27,14,V20-V99,^V32
27,14,V20-V99,^V33
27,14,V20-V99,^V34
27,14,V20-V99,^V35
27,14,V20-V99,^V36
27,14,V20-V99,^V37
27,14,V20-V99,^V38
27,14,V20-V99,^V39
27,14,V20-V99,^V40
27,14,V20-V99,^V41
27,14,V20-V99,^V42
27,14,V20-V99,^V43
27,14,V20-V99,^V44
27,14,V20-V99,^V45
27,14,V20-V99,^V46
27,14,V20-V99,^V47
27,14,V20-V99,^V48
27,14,V20-V99,^V49
27,14,V20-V99,^V50
27,14,V20-V99,^V51
27,14,V20-V99,^V52
27,14,V20-V99,^V53
27,14,V20-V99,^V54
27,14,V20-V99,^V55
27,14,V20-V99,^V56
27,14,V20-V99,^V57
27,14,V20-V99,^V58
27,14,V20-V99,^V59
27,14,V20-V99,^V60
27,14,V20-V99,^V61
27,14,V20-V99,^V62
27,14,V20-V99,^V63
27,14,V20-V99,^V64
27,14,V20-V99,^V65
27,14,V20-V99,^V66
27,14,V20-V99,^V67
27,14,V20-V99,^V68
27,14,V20-V99,^V69
27,14,V20-V99,^V70
27,14,V20-V99,^V71
27,14,V20-V99,^V72
27,14,V20-V99,^V73
27,14,V20-V99,^V74
27,14,V20-V99,^V75
27,14,V20-V99,^V76
27,14,V20-V99,^V77
27,14,V20-V99,^V78
27,14,V20-V99,^V79
27,14,V20-V99,^V80
27,14,V20-V99,^V81
27,14,V20-V99,^V82
27,14,V20-V99,^V83
27,14,V20-V99,^V84
27,14,V20-V99,^V85
27,14,V20-V99,^V86
27,14,V20-V99,^V87
27,14,V20-V99,^V88
27,14,V20-V99,^V89
27,14,V20-V99,^V90
27,14,V20-V99,^V91
27,14,V20-V99,^V92
27,14,V20-V99,^V93
27,14,V20-V99,^V94
27,14,V20-V99,^V95
27,14,V20-V99,^V96
27,14,V20-V99,^V97
27,14,V20-V99,^V98
27,14,V20-V99,^V99
28,14,V20-V99,^V20
28,14,V20-V99,^V21
28,14,V20-V99,^V22
28,14,V20-V99,^V23
28,14,V20-V99,^V24
28,14,V20-V99,^V25
28,14,V20-V99,^V26
28,14,V20-V99,^V27
28,14,V20-V99,^V28
28,14,V20-V99,^V29
28,14,V20-V99,^V30
28,14,V20-V99,^V31
28,14,V20-V99,^V32
28,14,V20-V99,^V33
28,14,V20-V99,^V34
28,14,V20-V99,^V35
28,14,V20-V99,^V36
28,14,V20-V99,^V37
28,14,V20-V99,^V38
28,14,V20-V99,^V39
28,14,V20-V99,^V40
28,14,V20-V99,^V41
28,14,V20-V99,^V42
28,14,V20-V99,^V43
28,14,V20-V99,^V44
28,14,V20-V99,^V45
28,14,V20-V99,^V46
28,14,V20-V99,^V47
28,14,V20-V99,^V48
28,14,V20-V99,^V49
28,14,V20-V99,^V50
28,14,V20-V99,^V51
28,14,V20-V99,^V52
28,14,V20-V99,^V53
28,14,V20-V99,^V54
28,14,V20-V99,^V55
28,14,V20-V99,^V56
28,14,V20-V99,^V57
28,14,V20-V99,^V58
28,14,V20-V99,^V59
28,14,V20-V99,^V60
28,14,V20-V99,^V61
28,14,V20-V99,^V62
28,14,V20-V99,^V63
28,14,V20-V99,^V64
28,14,V20-V99,^V65
28,14,V20-V99,^V66
28,14,V20-V99,^V67
28,14,V20-V99,^V68
28,14,V20-V99,^V69
28,14,V20-V99,^V70
28,14,V20-V99,^V71
28,14,V20-V99,^V72
28,14,V20-V99,^V73
28,14,V20-V99,^V74
28,14,V20-V99,^V75
28,14,V20-V99,^V76
28,14,V20-V99,^V77
28,14,V20-V99,^V78
28,14,V20-V99,^V79
28,14,V20-V99,^V80
28,14,V20-V99,^V81
28,14,V20-V99,^V82
28,14,V20-V99,^V83
28,14,V20-V99,^V84
28,14,V20-V99,^V85
28,14,V20-V99,^V86
28,14,V20-V99,^V87
28,14,V20-V99,^V88
28,14,V20-V99,^V89
28,14,V20-V99,^V90
28,14,V20-V99,^V91
28,14,V20-V99,^V92
28,14,V20-V99,^V93
28,14,V20-V99,^V94
28,14,V20-V99,^V95
28,14,V20-V99,^V96
28,14,V20-V99,^V97
28,14,V20-V99,^V98
28,14,V20-V99,^V99
29,14,V20-V99,^V20
29,14,V20-V99,^V21
29,14,V20-V99,^V22
29,14,V20-V99,^V23
29,14,V20-V99,^V24
29,14,V20-V99,^V25
29,14,V20-V99,^V26
29,14,V20-V99,^V27
29,14,V20-V99,^V28
29,14,V20-V99,^V29
29,14,V20-V99,^V30
29,14,V20-V99,^V31
29,14,V20-V99,^V32
29,14,V20-V99,^V33
29,14,V20-V99,^V34
29,14,V20-V99,^V35
29,14,V20-V99,^V36
29,14,V20-V99,^V37
29,14,V20-V99,^V38
29,14,V20-V99,^V39
29,14,V20-V99,^V40
29,14,V20-V99,^V41
29,14,V20-V99,^V42
29,14,V20-V99,^V43
29,14,V20-V99,^V44
29,14,V20-V99,^V45
29,14,V20-V99,^V46
29,14,V20-V99,^V47
29,14,V20-V99,^V48
29,14,V20-V99,^V49
29,14,V20-V99,^V50
29,14,V20-V99,^V51
29,14,V20-V99,^V52
29,14,V20-V99,^V53
29,14,V20-V99,^V54
29,14,V20-V99,^V55
29,14,V20-V99,^V56
29,14,V20-V99,^V57
29,14,V20-V99,^V58
29,14,V20-V99,^V59
29,14,V20-V99,^V60
29,14,V20-V99,^V61
29,14,V20-V99,^V62
29,14,V20-V99,^V63
29,14,V20-V99,^V64
29,14,V20-V99,^V65
29,14,V20-V99,^V66
29,14,V20-V99,^V67
29,14,V20-V99,^V68
29,14,V20-V99,^V69
29,14,V20-V99,^V70
29,14,V20-V99,^V71
29,14,V20-V99,^V72
29,14,V20-V99,^V73
29,14,V20-V99,^V74
29,14,V20-V99,^V75
29,14,V20-V99,^V76
29,14,V20-V99,^V77
29,14,V20-V99,^V78
29,14,V20-V99,^V79
29,14,V20-V99,^V80
29,14,V20-V99,^V81
29,14,V20-V99,^V82
29,14,V20-V99,^V83
29,14,V20-V99,^V84
29,14,V20-V99,^V85
29,14,V20-V99,^V86
29,14,V20-V99,^V87
29,14,V20-V99,^V88
29,14,V20-V99,^V89
29,14,V20-V99,^V90
29,14,V20-V99,^V91
29,14,V20-V99,^V92
29,14,V20-V99,^V93
29,14,V20-V99,^V94
29,14,V20-V99,^V95
29,14,V20-V99,^V96
29,14,V20-V99,^V97
29,14,V20-V99,^V98
29,14,V20-V99,^V99
30,14,V20-V99,^V20
30,14,V20-V99,^V21
30,14,V20-V99,^V22
30,14,V20-V99,^V23
30,14,V20-V99,^V24
30,14,V20-V99,^V25
30,14,V20-V99,^V26
30,14,V20-V99,^V27
30,14,V20-V99,^V28
30,14,V20-V99,^V29
30,14,V20-V99,^V30
30,14,V20-V99,^V31
30,14,V20-V99,^V32
30,14,V20-V99,^V33
30,14,V20-V99,^V34
30,14,V20-V99,^V35
30,14,V20-V99,^V36
30,14,V20-V99,^V37
30,14,V20-V99,^V38
30,14,V20-V99,^V39
30,14,V20-V99,^V40
30,14,V20-V99,^V41
30,14,V20-V99,^V42
30,14,V20-V99,^V43
30,14,V20-V99,^V44
30,14,V20-V99,^V45
30,14,V20-V99,^V46
30,14,V20-V99,^V47
30,14,V20-V99,^V48
30,14,V20-V99,^V49
30,14,V20-V99,^V50
30,14,V20-V99,^V51
30,14,V20-V99,^V52
30,14,V20-V99,^V53
30,14,V20-V99,^V54
30,14,V20-V99,^V55
30,14,V20-V99,^V56
30,14,V20-V99,^V57
30,14,V20-V99,^V58
30,14,V20-V99,^V59
30,14,V20-V99,^V60
30,14,V20-V99,^V61
30,14,V20-V99,^V62
30,14,V20-V99,^V63
30,14,V20-V99,^V64
30,14,V20-V99,^V65
30,14,V20-V99,^V66
30,14,V20-V99,^V67
30,14,V20-V99,^V68
30,14,V20-V99,^V69
30,14,V20-V99,^V70
30,14,V20-V99,^V71
30,14,V20-V99,^V72
30,14,V20-V99,^V73
30,14,V20-V99,^V74
30,14,V20-V99,^V75
30,14,V20-V99,^V76
30,14,V20-V99,^V77
30,14,V20-V99,^V78
30,14,V20-V99,^V79
30,14,V20-V99,^V80
30,14,V20-V99,^V81
30,14,V20-V99,^V82
30,14,V20-V99,^V83
30,14,V20-V99,^V84
30,14,V20-V99,^V85
30,14,V20-V99,^V86
30,14,V20-V99,^V87
30,14,V20-V99,^V88
30,14,V20-V99,^V89
30,14,V20-V99,^V90
30,14,V20-V99,^V91
30,14,V20-V99,^V92
30,14,V20-V99,^V93
30,14,V20-V99,^V94
30,14,V20-V99,^V95
30,14,V20-V99,^V96
30,14,V20-V99,^V97
30,14,V20-V99,^V98
30,14,V20-V99,^V99
31,14,V20-V99,^V20
31,14,V20-V99,^V21
31,14,V20-V99,^V22
31,14,V20-V99,^V23
31,14,V20-V99,^V24
31,14,V20-V99,^V25
31,14,V20-V99,^V26
31,14,V20-V99,^V27
31,14,V20-V99,^V28
31,14,V20-V99,^V29
31,14,V20-V99,^V30
31,14,V20-V99,^V31
31,14,V20-V99,^V32
31,14,V20-V99,^V33
31,14,V20-V99,^V34
31,14,V20-V99,^V35
31,14,V20-V99,^V36
31,14,V20-V99,^V37
31,14,V20-V99,^V38
31,14,V20-V99,^V39
31,14,V20-V99,^V40
31,14,V20-V99,^V41
31,14,V20-V99,^V42
31,14,V20-V99,^V43
31,14,V20-V99,^V44
31,14,V20-V99,^V45
31,14,V20-V99,^V46
31,14,V20-V99,^V47
31,14,V20-V99,^V48
31,14,V20-V99,^V49
31,14,V20-V99,^V50
31,14,V20-V99,^V51
31,14,V20-V99,^V52
31,14,V20-V99,^V53
31,14,V20-V99,^V54
31,14,V20-V99,^V55
31,14,V20-V99,^V56
31,14,V20-V99,^V57
31,14,V20-V99,^V58
31,14,V20-V99,^V59
31,14,V20-V99,^V60
31,14,V20-V99,^V61
31,14,V20-V99,^V62
31,14,V20-V99,^V63
31,14,V20-V99,^V64
31,14,V20-V99,^V65
31,14,V20-V99,^V66
31,14,V20-V99,^V67
31,14,V20-V99,^V68
31,14,V20-V99,^V69
31,14,V20-V99,^V70
31,14,V20-V99,^V71
31,14,V20-V99,^V72
31,14,V20-V99,^V73
31,14,V20-V99,^V74
31,14,V20-V99,^V75
31,14,V20-V99,^V76
31,14,V20-V99,^V77
31,14,V20-V99,^V78
31,14,V20-V99,^V79
31,14,V20-V99,^V80
31,14,V20-V99,^V81
31,14,V20-V99,^V82
31,14,V20-V99,^V83
31,14,V20-V99,^V84
31,14,V20-V99,^V85
31,14,V20-V99,^V86
31,14,V20-V99,^V87
31,14,V20-V99,^V88
31,14,V20-V99,^V89
31,14,V20-V99,^V90
31,14,V20-V99,^V91
31,14,V20-V99,^V92
31,14,V20-V99,^V93
31,14,V20-V99,^V94
31,14,V20-V99,^V95
31,14,V20-V99,^V96
31,14,V20-V99,^V97
31,14,V20-V99,^V98
31,14,V20-V99,^V99
23,15,A09,^A09
23,15,A15-A19,^A15
23,15,A15-A19,^A16
23,15,A15-A19,^A17
23,15,A15-A19,^A18
23,15,A15-A19,^A19
23,15,B20,^B20
23,15,B15-B19,^B15
23,15,B15-B19,^B16
23,15,B15-B19,^B17
23,15,B15-B19,^B18
23,15,B15-B19,^B19
23,15,C00-C96,^C00
23,15,C00-C96,^C01
23,15,C00-C96,^C02
23,15,C00-C96,^C03
23,15,C00-C96,^C04
23,15,C00-C96,^C05
23,15,C00-C96,^C06
23,15,C00-C96,^C07
23,15,C00-C96,^C08
23,15,C00-C96,^C09
23,15,C00-C96,^C10
23,15,C00-C96,^C11
23,15,C00-C96,^C12
23,15,C00-C96,^C13
23,15,C00-C96,^C14
23,15,C00-C96,^C15
23,15,C00-C96,^C16
23,15,C00-C96,^C17
23,15,C00-C96,^C18
23,15,C00-C96,^C19
23,15,C00-C96,^C20
23,15,C00-C96,^C21
23,15,C00-C96,^C22
23,15,C00-C96,^C23
23,15,C00-C96,^C24
23,15,C00-C96,^C25
23,15,C00-C96,^C26
23,15,C00-C96,^C27
23,15,C00-C96,^C28
23,15,C00-C96,^C29
23,15,C00-C96,^C30
23,15,C00-C96,^C31
23,15,C00-C96,^C32
23,15,C00-C96,^C33
23,15,C00-C96,^C34
23,15,C00-C96,^C35
23,15,C00-C96,^C36
23,15,C00-C96,^C37
23,15,C00-C96,^C38
23,15,C00-C96,^C39
23,15,C00-C96,^C40
23,15,C00-C96,^C41
23,15,C00-C96,^C42
23,15,C00-C96,^C43
23,15,C00-C96,^C44
23,15,C00-C96,^C45
23,15,C00-C96,^C46
23,15,C00-C96,^C47
23,15,C00-C96,^C48
23,15,C00-C96,^C49
23,15,C00-C96,^C50
23,15,C00-C96,^C51
23,15,C00-C96,^C52
23,15,C00-C96,^C53
23,15,C00-C96,^C54
23,15,C00-C96,^C55
23,15,C00-C96,^C56
23,15,C00-C96,^C57
23,15,C00-C96,^C58
23,15,C00-C96,^C59
23,15,C00-C96,^C60
23,15,C00-C96,^C61
23,15,C00-C96,^C62
23,15,C00-C96,^C63
23,15,C00-C96,^C64
23,15,C00-C96,^C65
23,15,C00-C96,^C66
23,15,C00-C96,^C67
23,15,C00-C96,^C68
23,15,C00-C96,^C69
23,15,C00-C96,^C70
23,15,C00-C96,^C71
23,15,C00-C96,^C72
23,15,C00-C96,^C73
23,15,C00-C96,^C74
23,15,C00-C96,^C75
23,15,C00-C96,^C76
23,15,C00-C96,^C77
23,15,C00-C96,^C78
23,15,C00-C96,^C79
23,15,C00-C96,^C80
23,15,C00-C96,^C81
23,15,C00-C96,^C82
23,15,C00-C96,^C83
23,15,C00-C96,^C84
23,15,C00-C96,^C85
23,15,C00-C96,^C86
23,15,C00-C96,^C87
23,15,C00-C96,^C88
23,15,C00-C96,^C89
23,15,C00-C96,^C90
23,15,C00-C96,^C91
23,15,C00-C96,^C92
23,15,C00-C96,^C93
23,15,C00-C96,^C94
23,15,C00-C96,^C95
23,15,C00-C96,^C96
23,15,C7A,^C7A
23,15,C7B,^C7B
23,15,E00-E03,^E00
23,15,E00-E03,^E01
23,15,E00-E03,^E02
23,15,E00-E03,^E03
23,15,E89.0,^E890
23,15,E08-E13,^E08
23,15,E08-E13,^E09
23,15,E08-E13,^E10
23,15,E08-E13,^E11
23,15,E08-E13,^E12
23,15,E08-E13,^E13
23,15,E20,^E20
23,15,E21,^E21
23,15,E89.2,^E892
23,15,E22,^E22
23,15,E23,^E23
23,15,E89.3,^E893
23,15,E70-E88,^E70
23,15,E70-E88,^E71
23,15,E70-E88,^E72
23,15,E70-E88,^E73
23,15,E70-E88,^E74
23,15,E70-E88,^E75
23,15,E70-E88,^E76
23,15,E70-E88,^E77
23,15,E70-E88,^E78
23,15,E70-E88,^E79
23,15,E70-E88,^E80
23,15,E70-E88,^E81
23,15,E70-E88,^E82
23,15,E70-E88,^E83
23,15,E70-E88,^E84
23,15,E70-E88,^E85
23,15,E70-E88,^E86
23,15,E70-E88,^E87
23,15,E70-E88,^E88
23,15,D89,^D89
23,15,M10,^M10
23,15,E73,^E73
23,15,E84,^E84
23,15,F70-F79,^F70
23,15,F70-F79,^F71
23,15,F70-F79,^F72
23,15,F70-F79,^F73
23,15,F70-F79,^F74
23,15,F70-F79,^F75
23,15,F70-F79,^F76
23,15,F70-F79,^F77
23,15,F70-F79,^F78
23,15,F70-F79,^F79
23,15,G00-G99,^G00
23,15,G00-G99,^G01
23,15,G00-G99,^G02
23,15,G00-G99,^G03
23,15,G00-G99,^G04
23,15,G00-G99,^G05
23,15,G00-G99,^G06
23,15,G00-G99,^G07
23,15,G00-G99,^G08
23,15,G00-G99,^G09
23,15,G00-G99,^G10
23,15,G00-G99,^G11
23,15,G00-G99,^G12
23,15,G00-G99,^G13
23,15,G00-G99,^G14
23,15,G00-G99,^G15
23,15,G00-G99,^G16
23,15,G00-G99,^G17
23,15,G00-G99,^G18
23,15,G00-G99,^G19
23,15,G00-G99,^G20
23,15,G00-G99,^G21
23,15,G00-G99,^G22
23,15,G00-G99,^G23
23,15,G00-G99,^G24
23,15,G00-G99,^G25
23,15,G00-G99,^G26
23,15,G00-G99,^G27
23,15,G00-G99,^G28
23,15,G00-G99,^G29
23,15,G00-G99,^G30
23,15,G00-G99,^G31
23,15,G00-G99,^G32
23,15,G00-G99,^G33
23,15,G00-G99,^G34
23,15,G00-G99,^G35
23,15,G00-G99,^G36
23,15,G00-G99,^G37
23,15,G00-G99,^G38
23,15,G00-G99,^G39
23,15,G00-G99,^G40
23,15,G00-G99,^G41
23,15,G00-G99,^G42
23,15,G00-G99,^G43
23,15,G00-G99,^G44
23,15,G00-G99,^G45
23,15,G00-G99,^G46
23,15,G00-G99,^G47
23,15,G00-G99,^G48
23,15,G00-G99,^G49
23,15,G00-G99,^G50
23,15,G00-G99,^G51
23,15,G00-G99,^G52
23,15,G00-G99,^G53
23,15,G00-G99,^G54
23,15,G00-G99,^G55
23,15,G00-G99,^G56
23,15,G00-G99,^G57
23,15,G00-G99,^G58
23,15,G00-G99,^G59
23,15,G00-G99,^G60
23,15,G00-G99,^G61
23,15,G00-G99,^G62
23,15,G00-G99,^G63
23,15,G00-G99,^G64
23,15,G00-G99,^G65
23,15,G00-G99,^G66
23,15,G00-G99,^G67
23,15,G00-G99,^G68
23,15,G00-G99,^G69
23,15,G00-G99,^G70
23,15,G00-G99,^G71
23,15,G00-G99,^G72
23,15,G00-G99,^G73
23,15,G00-G99,^G74
23,15,G00-G99,^G75
23,15,G00-G99,^G76
23,15,G00-G99,^G77
23,15,G00-G99,^G78
23,15,G00-G99,^G79
23,15,G00-G99,^G80
23,15,G00-G99,^G81
23,15,G00-G99,^G82
23,15,G00-G99,^G83
23,15,G00-G99,^G84
23,15,G00-G99,^G85
23,15,G00-G99,^G86
23,15,G00-G99,^G87
23,15,G00-G99,^G88
23,15,G00-G99,^G89
23,15,G00-G99,^G90
23,15,G00-G99,^G91
23,15,G00-G99,^G92
23,15,G00-G99,^G93
23,15,G00-G99,^G94
23,15,G00-G99,^G95
23,15,G00-G99,^G96
23,15,G00-G99,^G97
23,15,G00-G99,^G98
23,15,G00-G99,^G99
23,15,F84.2,^F842
23,15,R52,^R52
23,15,I61,^I61
23,15,M30,^M30
23,15,M31,^M31
23,15,J45,^J45
23,15,K21,^K21
23,15,K50-K52,^K50
23,15,K50-K52,^K51
23,15,K50-K52,^K52
23,15,K82-K83,^K82
23,15,K82-K83,^K83
23,15,K70-K76,^K70
23,15,K70-K76,^K71
23,15,K70-K76,^K72
23,15,K70-K76,^K73
23,15,K70-K76,^K74
23,15,K70-K76,^K75
23,15,K70-K76,^K76
23,15,K86.8,^K868
23,15,K90,^K90
23,15,K91,^K91
23,15,N25.8,^N258
23,15,N18,^N18
23,15,N19,^N19
23,15,N28.9,^N289
23,15,N39.0,^N390
23,15,M32-M36,^M32
23,15,M32-M36,^M33
23,15,M32-M36,^M34
23,15,M32-M36,^M35
23,15,M32-M36,^M36
23,15,M05,^M05
23,15,M06,^M06
23,15,M08,^M08
23,15,M12.0,^M120
23,15,Q20-Q28,^Q20
23,15,Q20-Q28,^Q21
23,15,Q20-Q28,^Q22
23,15,Q20-Q28,^Q23
23,15,Q20-Q28,^Q24
23,15,Q20-Q28,^Q25
23,15,Q20-Q28,^Q26
23,15,Q20-Q28,^Q27
23,15,Q20-Q28,^Q28
23,15,P29.3,^P293
23,15,Q35,^Q35
23,15,Q36,^Q36
23,15,Q37,^Q37
23,15,Q40.0,^Q400
23,15,Q43.1,^Q431
23,15,Q90-Q99,^Q90
23,15,Q90-Q99,^Q91
23,15,Q90-Q99,^Q92
23,15,Q90-Q99,^Q93
23,15,Q90-Q99,^Q94
23,15,Q90-Q99,^Q95
23,15,Q90-Q99,^Q96
23,15,Q90-Q99,^Q97
23,15,Q90-Q99,^Q98
23,15,Q90-Q99,^Q99
23,15,Q86.0,^Q860
23,15,P04.3,^P043
23,15,P10,^P10
23,15,P11.0,^P110
23,15,P11.2,^P112
23,15,P11.9,^P119
23,15,P52,^P52
23,15,P27.1,^P271
23,15,P35-P39,^P35
23,15,P35-P39,^P36
23,15,P35-P39,^P37
23,15,P35-P39,^P38
23,15,P35-P39,^P39
23,15,P10,^P10
23,15,P52,^P52
23,15,S063-S068,^S63
23,15,S063-S068,^S64
23,15,S063-S068,^S65
23,15,S063-S068,^S66
23,15,S063-S068,^S67
23,15,S063-S068,^S68
23,15,T56.0,^T560
